{"steps": [1, 2, 3, 4, 5, 6, 7, 8, 9, 10, 11, 12, 13, 14, 15, 16, 17, 18, 19, 20, 21, 22, 23, 24, 25, 26, 27, 28, 29, 30, 31, 32, 33, 34, 35, 36, 37, 38, 39, 40, 41, 42, 43, 44, 45, 46, 47, 48, 49, 50, 51, 52, 53, 54, 55, 56, 57, 58, 59, 60, 61, 62, 63, 64, 65, 66, 67, 68, 69, 70, 71, 72, 73, 74, 75, 76, 77, 78, 79, 80, 81, 82, 83, 84, 85, 86, 87, 88, 89, 90, 91, 92, 93, 94, 95, 96, 97, 98, 99, 100, 101, 102, 103, 104, 105, 106, 107, 108, 109, 110, 111, 112, 113, 114, 115, 116, 117, 118, 119, 120, 121, 122, 123, 124, 125, 126, 127, 128, 129, 130, 131, 132, 133, 134, 135, 136, 137, 138, 139, 140, 141, 142, 143, 144, 145, 146, 147, 148, 149, 150, 151, 152, 153, 154, 155, 156, 157, 158, 159, 160, 161, 162, 163, 164, 165, 166, 167, 168, 169, 170, 171, 172, 173, 174, 175, 176, 177, 178, 179, 180, 181, 182, 183, 184, 185, 186, 187, 188, 189, 190, 191, 192, 193, 194, 195, 196, 197, 198, 199, 200, 201, 202, 203, 204, 205, 206, 207, 208, 209, 210, 211, 212, 213, 214, 215, 216, 217, 218, 219, 220, 221, 222, 223, 224, 225], "loss": [0.693359375, 0.68701171875, 0.638671875, 0.66259765625, 0.6533203125, 0.6357421875, 0.583984375, 0.72509765625, 0.56494140625, 0.53857421875, 0.51318359375, 0.41162109375, 0.46923828125, 0.6748046875, 0.58984375, 0.677734375, 0.32177734375, 0.467041015625, 0.5205078125, 0.337646484375, 0.39501953125, 0.60107421875, 0.576171875, 0.5107421875, 0.5439453125, 0.2330322265625, 0.4931640625, 0.60791015625, 0.4765625, 0.2318115234375, 0.59521484375, 0.386962890625, 0.1190185546875, 0.41162109375, 0.094970703125, 0.098388671875, 0.2357177734375, 0.2291259765625, 0.06915283203125, 0.41162109375, 0.10894775390625, 0.11279296875, 0.08221435546875, 0.1602783203125, 0.1455078125, 0.335693359375, 0.08038330078125, 0.4716796875, 0.435302734375, 0.10833740234375, 0.060791015625, 0.05426025390625, 0.0872802734375, 0.056243896484375, 0.0156707763671875, 0.26611328125, 0.41357421875, 0.52294921875, 0.0299224853515625, 0.426513671875, 0.034698486328125, 0.055511474609375, 0.05426025390625, 0.10382080078125, 0.10382080078125, 0.0179443359375, 0.061614990234375, 0.007694244384765625, 0.06744384765625, 0.1934814453125, 0.0187225341796875, 0.0269622802734375, 0.12396240234375, 0.5107421875, 0.0867919921875, 0.037322998046875, 0.0147247314453125, 0.2274169921875, 0.0002613067626953125, 0.318359375, 0.0157318115234375, 0.0134124755859375, 0.06353759765625, 0.0051727294921875, 0.348388671875, 0.041473388671875, 0.00975799560546875, 0.06787109375, 0.55419921875, 0.06658935546875, 0.0245819091796875, 0.0032405853271484375, 0.3251953125, 0.5439453125, 0.006359100341796875, 0.024444580078125, 0.00021159648895263672, 0.008514404296875, 0.044342041015625, 0.020416259765625, 0.2384033203125, 0.026153564453125, 0.0009589195251464844, 0.002666473388671875, 0.0159149169921875, 0.0160369873046875, 0.0174560546875, 4.470348358154297e-05, 0.0013256072998046875, 0.0009479522705078125, 0.00579071044921875, 0.006793975830078125, 0.0003151893615722656, 4.887580871582031e-06, 0.004077911376953125, 0.615234375, 0.0003712177276611328, 0.00975799560546875, 2.205371856689453e-06, 0.01091766357421875, 0.00412750244140625, 0.003643035888671875, 0.00038313865661621094, 0.01399993896484375, 9.5367431640625e-07, 0.003421783447265625, 0.0006513595581054688, 0.007457733154296875, 0.00045490264892578125, 0.0020771026611328125, 0.0140533447265625, 0.0004477500915527344, 5.739927291870117e-05, 8.940696716308594e-07, 8.285045623779297e-05, 5.960464477539063e-08, 0.004459381103515625, 3.618001937866211e-05, 0.0008296966552734375, 0.0192413330078125, 0.00020503997802734375, 8.153915405273438e-05, 0.0045318603515625, 0.014892578125, 5.960464477539063e-08, 0.0027294158935546875, 0.00060272216796875, 0.012603759765625, 2.7120113372802734e-05, 0.0003612041473388672, 1.7881393432617188e-07, 3.039836883544922e-06, 7.31348991394043e-05, 8.344650268554688e-07, 0.0, 8.094310760498047e-05, 0.0005488395690917969, 9.387731552124023e-05, 0.0765380859375, 9.918212890625e-05, 3.039836883544922e-06, 0.0001233816146850586, 0.07061767578125, 3.159046173095703e-06, 0.00034880638122558594, 0.002635955810546875, 0.002826690673828125, 0.0, 0.004711151123046875, 0.006458282470703125, 0.0005841255187988281, 0.00044083595275878906, 1.1920928955078125e-07, 4.76837158203125e-07, 0.00013244152069091797, 0.11407470703125, 0.00023412704467773438, 5.185604095458984e-06, 0.0, 0.0004978179931640625, 0.0011339187622070312, 0.0002551078796386719, 0.0055694580078125, 0.00040459632873535156, 0.0, 9.763240814208984e-05, 5.960464477539063e-08, 0.0014848709106445312, 8.749961853027344e-05, 5.692243576049805e-05, 0.00015354156494140625, 8.52346420288086e-06, 2.3365020751953125e-05, 0.0002868175506591797, 4.708766937255859e-06, 0.0037441253662109375, 3.427267074584961e-05, 0.00370025634765625, 2.8848648071289062e-05, 2.86102294921875e-06, 5.960464477539063e-08, 0.0, 6.556510925292969e-07, 0.0, 2.2292137145996094e-05, 4.172325134277344e-07, 0.0, 0.0005092620849609375, 0.0, 0.080810546875, 0.0027408599853515625, 0.0, 0.0, 1.1920928955078125e-07, 0.0, 5.960464477539063e-08, 0.00021159648895263672, 5.364418029785156e-07, 7.212162017822266e-06, 0.0004584789276123047, 7.092952728271484e-06, 1.9073486328125e-06, 0.0, 0.0008563995361328125, 1.1026859283447266e-05]}